winery,country
Amiran Vepkhvadze,Georgia
Bachelder,Canada
Bartho Eksteen,South Africa
Barton & Guestier,France
Büyülübağ,Turkey
Chilcas,Chile
El Capricho,Uruguay
Familia Deicas,Uruguay
Gotsa Family Wines,Georgia
Kakhetia Traditional Winemaking,Georgia
Ktima Voyatzi,Greece
Les Frères Dutruy,France
Lismore,South Africa
Logodaj,Bulgaria
Mt. Beautiful,New Zealand
Neumeister,Austria
Newton Johnson,South Africa
Orbelus,Bulgaria
Psagot,Israel
Ross-idi,Bulgaria
Santa Ema,Chile
Somlói Vándor,Hungary
St. Donat,USE
Stone Castle,Kosovo
Teliani Valley,Georgia
Tsililis,Greece
Undurraga,Chile